Incident1,Incident2,TaskSimilarity,CauseSimilarity,EventSimilarity,InfluenceSimilarity
3152021001R00,4992022001R00,1.000000238418579,0.2164173573255539,0.3961811661720276,0.14849092066287994
3152021001R00,4992023002R00,1.000000238418579,0.7439426183700562,0.5237199068069458,0.32380834221839905
4992022001R00,4992023002R00,1.000000238418579,0.268443763256073,0.3581480383872986,0.17014484107494354
2442021001R00,4982023004R01,1.0000001192092896,0.36107155680656433,0.323245644569397,0.30528920888900757
2802022003R00,4982023004R01,1.0000001192092896,0.19301339983940125,0.323245644569397,0.30528920888900757
2822021001R00,4982023004R01,1.0000001192092896,0.30620455741882324,0.3151860237121582,0.30528920888900757
3482022001R00,4982023004R01,1.0000001192092896,0.17908641695976257,0.34113630652427673,-0.06097220256924629
3482023001R00,4982023004R01,1.0000001192092896,0.3018750250339508,0.1491030603647232,0.4011242091655731
3642023001R00,4982023004R01,1.0000001192092896,0.17357571423053741,0.07648185640573502,0.09973584860563278
4002022001R00,4982023004R01,1.0000001192092896,0.40161362290382385,0.323245644569397,0.30528920888900757
4002022006R02,4982023004R01,1.0000001192092896,0.22173674404621124,0.323245644569397,0.30528920888900757
4122023004R00,4982023004R01,1.0000001192092896,0.42470303177833557,0.34113630652427673,0.30528920888900757
4432021002R00,4982023004R01,1.0000001192092896,0.38598281145095825,0.323245644569397,0.30528920888900757
4572023001R00,4982023004R01,1.0000001192092896,0.13545545935630798,0.34113630652427673,0.30528920888900757
2502024002R01,4992021001R00,1.0000001192092896,0.12198824435472488,0.6634345650672913,0.30528920888900757
2442021001R00,4992023001R00,1.0000001192092896,0.3222433924674988,0.6477834582328796,0.38711321353912354
2802022003R00,4992023001R00,1.0000001192092896,0.20579968392848969,0.6477834582328796,0.38711321353912354
2822021001R00,4992023001R00,1.0000001192092896,0.25628989934921265,0.3636898696422577,0.38711321353912354
3482022001R00,4992023001R00,1.0000001192092896,0.1166817843914032,1.0000001192092896,0.1933768093585968
3482023001R00,4992023001R00,1.0000001192092896,0.26060813665390015,0.15701529383659363,0.29200562834739685
3642023001R00,4992023001R00,1.0000001192092896,0.13411608338356018,0.027333112433552742,0.9999999403953552
4002022001R00,4992023001R00,1.0000001192092896,0.19244442880153656,0.6477834582328796,0.38711321353912354
4002022006R02,4992023001R00,1.0000001192092896,0.13906380534172058,0.6477834582328796,0.38711321353912354
4122023004R00,4992023001R00,1.0000001192092896,0.2773936688899994,1.0000001192092896,0.38711321353912354
4432021002R00,4992023001R00,1.0000001192092896,0.274831622838974,0.6477834582328796,0.38711321353912354
4572023001R00,4992023001R00,1.0000001192092896,0.21884825825691223,1.0000001192092896,0.38711321353912354
4982023004R01,4992023001R00,1.0000001192092896,0.17591090500354767,0.34113630652427673,0.09973584860563278
0252023002R00,0252023003R00,1.0000001192092896,0.5714221596717834,0.9999999403953552,0.09356796741485596
2442023002R00,2442023003R01,1.0000001192092896,0.1843351572751999,0.14673477411270142,0.1723422408103943
2442023002R00,2662021001R00,1.0000001192092896,0.8848535418510437,0.15701529383659363,0.6946924328804016
2442023003R01,2662021001R00,1.0000001192092896,0.17610852420330048,0.8811579942703247,0.24278008937835693
2442021001R00,2802022003R00,1.0000001192092896,0.25539737939834595,1.0000001192092896,1.0000001192092896
2442021001R00,2822021001R00,1.0000001192092896,0.19398942589759827,0.20731516182422638,1.0000001192092896
2802022003R00,2822021001R00,1.0000001192092896,0.1871909499168396,0.20731516182422638,1.0000001192092896
2442023002R00,3152022001R00,1.0000001192092896,0.22213435173034668,0.47202083468437195,0.3297136127948761
2442023003R01,3152022001R00,1.0000001192092896,0.028275946155190468,0.46662238240242004,0.17443695664405823
2662021001R00,3152022001R00,1.0000001192092896,0.18381352722644806,0.48848456144332886,0.48638832569122314
2442023002R00,3162021002R00,1.0000001192092896,0.9999999403953552,1.0000001192092896,0.6730955839157104
2442023003R01,3162021002R00,1.0000001192092896,0.1843351572751999,0.14673477411270142,0.20106583833694458
2662021001R00,3162021002R00,1.0000001192092896,0.8848535418510437,0.15701529383659363,0.7418480515480042
3152022001R00,3162021002R00,1.0000001192092896,0.22213435173034668,0.47202083468437195,0.26663511991500854
2442023002R00,3272021001R00,1.0000001192092896,0.3539079427719116,0.12452026456594467,0.3297136127948761
2442023003R01,3272021001R00,1.0000001192092896,0.009192835539579391,0.9260087609291077,0.17443695664405823
2662021001R00,3272021001R00,1.0000001192092896,0.33589786291122437,0.8613665699958801,0.48638832569122314
3152022001R00,3272021001R00,1.0000001192092896,0.029554883018136024,0.4601105749607086,1.0000001192092896
3162021002R00,3272021001R00,1.0000001192092896,0.3539079427719116,0.12452026456594467,0.26663511991500854
2442023002R00,3342022001R00,1.0000001192092896,0.44467243552207947,1.0000001192092896,0.367919921875
2442023003R01,3342022001R00,1.0000001192092896,0.15356901288032532,0.14673477411270142,0.20134100317955017
2662021001R00,3342022001R00,1.0000001192092896,0.3433504104614258,0.15701529383659363,0.342845618724823
3152022001R00,3342022001R00,1.0000001192092896,0.13090766966342926,0.47202083468437195,0.5651641488075256
3162021002R00,3342022001R00,1.0000001192092896,0.44467243552207947,1.0000001192092896,0.33368808031082153
3272021001R00,3342022001R00,1.0000001192092896,0.3373340964317322,0.12452026456594467,0.5651641488075256
2442023002R00,3382021001R00,1.0000001192092896,0.23695489764213562,1.0000001192092896,0.6730955839157104
2442023003R01,3382021001R00,1.0000001192092896,0.14493997395038605,0.14673477411270142,0.20106583833694458
2662021001R00,3382021001R00,1.0000001192092896,0.3049357533454895,0.15701529383659363,0.7418480515480042
3152022001R00,3382021001R00,1.0000001192092896,-0.018674874678254128,0.47202083468437195,0.26663511991500854
3162021002R00,3382021001R00,1.0000001192092896,0.23695489764213562,1.0000001192092896,1.0000001192092896
3272021001R00,3382021001R00,1.0000001192092896,0.24953070282936096,0.12452026456594467,0.26663511991500854
3342022001R00,3382021001R00,1.0000001192092896,0.4818689823150635,1.0000001192092896,0.33368808031082153
2442021001R00,3482022001R00,1.0000001192092896,0.14407549798488617,0.6477834582328796,0.3100144863128662
2802022003R00,3482022001R00,1.0000001192092896,0.3715526759624481,0.6477834582328796,0.3100144863128662
2822021001R00,3482022001R00,1.0000001192092896,0.13345853984355927,0.3636898696422577,0.3100144863128662
2442021001R00,3482023001R00,1.0000001192092896,0.3102163076400757,0.1042509600520134,0.7418480515480042
2802022003R00,3482023001R00,1.0000001192092896,0.2847779393196106,0.1042509600520134,0.7418480515480042
2822021001R00,3482023001R00,1.0000001192092896,0.16085106134414673,0.0920427143573761,0.7418480515480042
3482022001R00,3482023001R00,1.0000001192092896,0.29813793301582336,0.15701529383659363,0.3789520263671875
0252022003R00,3482023002R00,1.0000001192092896,0.4075620472431183,0.323245644569397,1.0000001192092896
2442021001R00,3642023001R00,1.0000001192092896,0.08833037316799164,0.008148649707436562,0.38711321353912354
2802022003R00,3642023001R00,1.0000001192092896,0.17368648946285248,0.008148649707436562,0.38711321353912354
2822021001R00,3642023001R00,1.0000001192092896,0.1434810608625412,0.15059959888458252,0.38711321353912354
3482022001R00,3642023001R00,1.0000001192092896,0.07174407690763474,0.027333112433552742,0.1933768093585968
3482023001R00,3642023001R00,1.0000001192092896,0.1752811074256897,0.10884132236242294,0.29200562834739685
2442023001R00,3642023003R00,1.0000001192092896,0.013777593150734901,0.5336548686027527,0.23731102049350739
2442023002R00,3702022001R00,1.0000001192092896,0.5225164294242859,1.0000001192092896,0.367919921875
2442023003R01,3702022001R00,1.0000001192092896,0.1511816680431366,0.14673477411270142,0.20134100317955017
2662021001R00,3702022001R00,1.0000001192092896,0.5866646766662598,0.15701529383659363,0.342845618724823
3152022001R00,3702022001R00,1.0000001192092896,0.07867640256881714,0.47202083468437195,0.5651641488075256
3162021002R00,3702022001R00,1.0000001192092896,0.5225164294242859,1.0000001192092896,0.33368808031082153
3272021001R00,3702022001R00,1.0000001192092896,0.3532749116420746,0.12452026456594467,0.5651641488075256
3342022001R00,3702022001R00,1.0000001192092896,0.37013667821884155,1.0000001192092896,1.0
3382021001R00,3702022001R00,1.0000001192092896,0.27433571219444275,1.0000001192092896,0.33368808031082153
2442023002R00,3912021001R00,1.0000001192092896,0.9999999403953552,1.0000001192092896,0.367919921875
2442023003R01,3912021001R00,1.0000001192092896,0.1843351572751999,0.14673477411270142,0.20134100317955017
2662021001R00,3912021001R00,1.0000001192092896,0.8848535418510437,0.15701529383659363,0.342845618724823
3152022001R00,3912021001R00,1.0000001192092896,0.22213435173034668,0.47202083468437195,0.5651641488075256
3162021002R00,3912021001R00,1.0000001192092896,0.9999999403953552,1.0000001192092896,0.33368808031082153
3272021001R00,3912021001R00,1.0000001192092896,0.3539079427719116,0.12452026456594467,0.5651641488075256
3342022001R00,3912021001R00,1.0000001192092896,0.44467243552207947,1.0000001192092896,1.0
3382021001R00,3912021001R00,1.0000001192092896,0.23695489764213562,1.0000001192092896,0.33368808031082153
3702022001R00,3912021001R00,1.0000001192092896,0.5225164294242859,1.0000001192092896,1.0
2442023002R00,3912023002R00,1.0000001192092896,0.42145368456840515,0.47202083468437195,0.31882166862487793
2442023003R01,3912023002R00,1.0000001192092896,0.09245096147060394,0.46662238240242004,0.18797217309474945
2662021001R00,3912023002R00,1.0000001192092896,0.3984034061431885,0.48848456144332886,0.30001723766326904
3152022001R00,3912023002R00,1.0000001192092896,0.10769493132829666,1.0,0.7077930569648743
3162021002R00,3912023002R00,1.0000001192092896,0.42145368456840515,0.47202083468437195,0.22502091526985168
3272021001R00,3912023002R00,1.0000001192092896,0.6155282258987427,0.4601105749607086,0.7077930569648743
3342022001R00,3912023002R00,1.0000001192092896,0.3378153145313263,0.47202083468437195,0.4718858599662781
3382021001R00,3912023002R00,1.0000001192092896,0.28603628277778625,0.47202083468437195,0.22502091526985168
3702022001R00,3912023002R00,1.0000001192092896,0.3581829369068146,0.47202083468437195,0.4718858599662781
3912021001R00,3912023002R00,1.0000001192092896,0.42145368456840515,0.47202083468437195,0.4718858599662781
2442023002R00,3912023003R01,1.0000001192092896,0.18730378150939941,1.0000001192092896,0.31882166862487793
2442023003R01,3912023003R01,1.0000001192092896,0.004610274452716112,0.14673477411270142,0.18797217309474945
2662021001R00,3912023003R01,1.0000001192092896,0.2186916619539261,0.15701529383659363,0.30001723766326904
3152022001R00,3912023003R01,1.0000001192092896,0.11578018963336945,0.47202083468437195,0.7077930569648743
3162021002R00,3912023003R01,1.0000001192092896,0.18730378150939941,1.0000001192092896,0.22502091526985168
3272021001R00,3912023003R01,1.0000001192092896,0.14805664122104645,0.12452026456594467,0.7077930569648743
3342022001R00,3912023003R01,1.0000001192092896,0.09589315950870514,1.0000001192092896,0.4718858599662781
3382021001R00,3912023003R01,1.0000001192092896,0.044923070818185806,1.0000001192092896,0.22502091526985168
3702022001R00,3912023003R01,1.0000001192092896,0.18736080825328827,1.0000001192092896,0.4718858599662781
3912021001R00,3912023003R01,1.0000001192092896,0.18730378150939941,1.0000001192092896,0.4718858599662781
3912023002R00,3912023003R01,1.0000001192092896,0.15152648091316223,0.47202083468437195,1.0000001192092896
2442023002R00,3952023001R00,1.0000001192092896,0.4593404531478882,1.0000001192092896,0.6730955839157104
2442023003R01,3952023001R00,1.0000001192092896,0.2875281274318695,0.14673477411270142,0.20106583833694458
2662021001R00,3952023001R00,1.0000001192092896,0.48657312989234924,0.15701529383659363,0.7418480515480042
3152022001R00,3952023001R00,1.0000001192092896,0.2681116461753845,0.47202083468437195,0.26663511991500854
3162021002R00,3952023001R00,1.0000001192092896,0.4593404531478882,1.0000001192092896,1.0000001192092896
3272021001R00,3952023001R00,1.0000001192092896,0.21700744330883026,0.12452026456594467,0.26663511991500854
3342022001R00,3952023001R00,1.0000001192092896,0.32789433002471924,1.0000001192092896,0.33368808031082153
3382021001R00,3952023001R00,1.0000001192092896,0.269952654838562,1.0000001192092896,1.0000001192092896
3702022001R00,3952023001R00,1.0000001192092896,0.31367725133895874,1.0000001192092896,0.33368808031082153
3912021001R00,3952023001R00,1.0000001192092896,0.4593404531478882,1.0000001192092896,0.33368808031082153
3912023002R00,3952023001R00,1.0000001192092896,0.2372182011604309,0.47202083468437195,0.22502091526985168
3912023003R01,3952023001R00,1.0000001192092896,0.1900859922170639,1.0000001192092896,0.22502091526985168
3162021001R00,4002021004R00,1.0000001192092896,0.028362620621919632,1.0000001192092896,0.4783262014389038
2442021001R00,4002022001R00,1.0000001192092896,0.24444392323493958,1.0000001192092896,1.0000001192092896
2802022003R00,4002022001R00,1.0000001192092896,0.21735842525959015,1.0000001192092896,1.0000001192092896
2822021001R00,4002022001R00,1.0000001192092896,0.3486836552619934,0.20731516182422638,1.0000001192092896
3482022001R00,4002022001R00,1.0000001192092896,0.4075620472431183,0.6477834582328796,0.3100144863128662
3482023001R00,4002022001R00,1.0000001192092896,0.32264021039009094,0.1042509600520134,0.7418480515480042
3642023001R00,4002022001R00,1.0000001192092896,0.18117594718933105,0.008148649707436562,0.38711321353912354
4122021004R00,4452023001R01,1.0000001192092896,0.11059010773897171,0.14673477411270142,0.6551460027694702
4122021005R00,4452023001R01,1.0000001192092896,0.2970534563064575,1.0000001192092896,0.6551460027694702
4142022003R00,4452023001R01,1.0000001192092896,0.17425104975700378,0.8065642714500427,0.1531059890985489
4232023001R00,4452023001R01,1.0000001192092896,0.2030557543039322,1.0000001192092896,0.3456020951271057
4242022001R00,4452023001R01,1.0000001192092896,0.3441352844238281,0.8065642714500427,0.8613665699958801
4242023002R00,4452023001R01,1.0000001192092896,0.43669018149375916,1.0000001192092896,0.2503351867198944
4452022001R00,4452023001R01,1.0000001192092896,-0.01240525208413601,1.0000001192092896,0.8613665699958801
3642024001R00,4562021001R00,1.0000001192092896,0.209076389670372,0.2086714804172516,0.134003683924675
2442023002R00,4562021002R00,1.0000001192092896,0.14241360127925873,0.47202083468437195,0.31882166862487793
2442023003R01,4562021002R00,1.0000001192092896,-0.014754096046090126,0.46662238240242004,0.18797217309474945
2662021001R00,4562021002R00,1.0000001192092896,0.15491972863674164,0.48848456144332886,0.30001723766326904
3152022001R00,4562021002R00,1.0000001192092896,0.2530915141105652,1.0,0.7077930569648743
3162021002R00,4562021002R00,1.0000001192092896,0.14241360127925873,0.47202083468437195,0.22502091526985168
3272021001R00,4562021002R00,1.0000001192092896,0.17185719311237335,0.4601105749607086,0.7077930569648743
3342022001R00,4562021002R00,1.0000001192092896,0.13159504532814026,0.47202083468437195,0.4718858599662781
3382021001R00,4562021002R00,1.0000001192092896,0.005747707560658455,0.47202083468437195,0.22502091526985168
3702022001R00,4562021002R00,1.0000001192092896,0.20415161550045013,0.47202083468437195,0.4718858599662781
3912021001R00,4562021002R00,1.0000001192092896,0.14241360127925873,0.47202083468437195,0.4718858599662781
3912023002R00,4562021002R00,1.0000001192092896,0.15048840641975403,1.0,1.0000001192092896
3912023003R01,4562021002R00,1.0000001192092896,0.1908138245344162,0.47202083468437195,1.0000001192092896
3952023001R00,4562021002R00,1.0000001192092896,0.1188364177942276,0.47202083468437195,0.22502091526985168
4002022003R00,4562021002R00,1.0000001192092896,0.15491972863674164,0.46662238240242004,0.30001723766326904
4002022005R01,4562021002R00,1.0000001192092896,1.0000001192092896,0.47202083468437195,0.1905587613582611
4122021002R00,4562021002R00,1.0000001192092896,0.08666583895683289,0.47202083468437195,1.0000001192092896
4122021004R00,4562021002R00,1.0000001192092896,-0.04372703656554222,0.46662238240242004,0.4718858599662781
4122021005R00,4562021002R00,1.0000001192092896,0.06929900497198105,0.47202083468437195,0.4718858599662781
4142022003R00,4562021002R00,1.0000001192092896,-0.057980433106422424,0.4121941924095154,0.7077930569648743
4232023001R00,4562021002R00,1.0000001192092896,0.304871529340744,0.47202083468437195,1.0000001192092896
4242022001R00,4562021002R00,1.0000001192092896,0.12105987221002579,0.4121941924095154,0.1158624142408371
4242023002R00,4562021002R00,1.0000001192092896,0.14241360127925873,0.47202083468437195,0.18992480635643005
4452022001R00,4562021002R00,1.0000001192092896,0.0957442969083786,0.47202083468437195,0.1158624142408371
4452023001R01,4562021002R00,1.0000001192092896,0.03519760072231293,0.47202083468437195,0.3456020951271057
2442021001R00,4572023001R00,1.0000001192092896,0.07283458858728409,0.6477834582328796,1.0000001192092896
2802022003R00,4572023001R00,1.0000001192092896,0.11460880190134048,0.6477834582328796,1.0000001192092896
2822021001R00,4572023001R00,1.0000001192092896,0.1477891355752945,0.3636898696422577,1.0000001192092896
3482022001R00,4572023001R00,1.0000001192092896,0.29702478647232056,1.0000001192092896,0.3100144863128662
3482023001R00,4572023001R00,1.0000001192092896,0.21181966364383698,0.15701529383659363,0.7418480515480042
3642023001R00,4572023001R00,1.0000001192092896,0.10789701342582703,0.027333112433552742,0.38711321353912354
4002022001R00,4572023001R00,1.0000001192092896,0.23324042558670044,0.6477834582328796,1.0000001192092896
4002022006R02,4572023001R00,1.0000001192092896,0.1005610004067421,0.6477834582328796,1.0000001192092896
4122023004R00,4572023001R00,1.0000001192092896,0.2565084993839264,1.0000001192092896,1.0000001192092896
4432021002R00,4572023001R00,1.0000001192092896,0.14050188660621643,0.6477834582328796,1.0000001192092896
3642024001R00,4822021003R00,1.0000001192092896,0.12818478047847748,0.8811579942703247,0.2782859802246094
4562021001R00,4822021003R00,1.0000001192092896,0.23001712560653687,0.1532953530550003,0.29200562834739685
2442023002R00,4822021004R00,1.0000001192092896,0.3570713698863983,0.15701529383659363,0.31882166862487793
2442023003R01,4822021004R00,1.0000001192092896,0.15393400192260742,0.8811579942703247,0.18797217309474945
2662021001R00,4822021004R00,1.0000001192092896,0.4521373212337494,1.0000001192092896,0.30001723766326904
3152022001R00,4822021004R00,1.0000001192092896,0.08257487416267395,0.48848456144332886,0.7077930569648743
3162021002R00,4822021004R00,1.0000001192092896,0.3570713698863983,0.15701529383659363,0.22502091526985168
3272021001R00,4822021004R00,1.0000001192092896,0.3299148678779602,0.8613665699958801,0.7077930569648743
3342022001R00,4822021004R00,1.0000001192092896,0.8838172554969788,0.15701529383659363,0.4718858599662781
3382021001R00,4822021004R00,1.0000001192092896,0.5713340640068054,0.15701529383659363,0.22502091526985168
3702022001R00,4822021004R00,1.0000001192092896,0.4604737162590027,0.15701529383659363,0.4718858599662781
3912021001R00,4822021004R00,1.0000001192092896,0.3570713698863983,0.15701529383659363,0.4718858599662781
3912023002R00,4822021004R00,1.0000001192092896,0.3507608473300934,0.48848456144332886,1.0000001192092896
3912023003R01,4822021004R00,1.0000001192092896,0.13126368820667267,0.15701529383659363,1.0000001192092896
3952023001R00,4822021004R00,1.0000001192092896,0.3446282148361206,0.15701529383659363,0.22502091526985168
4002022003R00,4822021004R00,1.0000001192092896,0.4521373212337494,0.8811579942703247,0.30001723766326904
4002022005R01,4822021004R00,1.0000001192092896,0.11770087480545044,0.15701529383659363,0.1905587613582611
4122021002R00,4822021004R00,1.0000001192092896,0.3328298032283783,0.15701529383659363,1.0000001192092896
4122021004R00,4822021004R00,1.0000001192092896,0.24061085283756256,0.8811579942703247,0.4718858599662781
4122021005R00,4822021004R00,1.0000001192092896,0.2574009597301483,0.15701529383659363,0.4718858599662781
4142022003R00,4822021004R00,1.0000001192092896,0.32390615344047546,0.11327484995126724,0.7077930569648743
4232023001R00,4822021004R00,1.0000001192092896,0.267669141292572,0.15701529383659363,1.0000001192092896
4242022001R00,4822021004R00,1.0000001192092896,0.438827246427536,0.11327484995126724,0.1158624142408371
4242023002R00,4822021004R00,1.0000001192092896,0.3570713698863983,0.15701529383659363,0.18992480635643005
4452022001R00,4822021004R00,1.0000001192092896,0.050625257194042206,0.15701529383659363,0.1158624142408371
4452023001R01,4822021004R00,1.0000001192092896,0.24536636471748352,0.15701529383659363,0.3456020951271057
4562021002R00,4822021004R00,1.0000001192092896,0.11770087480545044,0.48848456144332886,1.0000001192092896
2442023002R00,4822022001R00,1.0000001192092896,0.3570713698863983,0.15701529383659363,0.9999998807907104
2442023003R01,4822022001R00,1.0000001192092896,0.15393400192260742,0.8811579942703247,0.1723422408103943
2662021001R00,4822022001R00,1.0000001192092896,0.4521373212337494,1.0000001192092896,0.6946924328804016
3152022001R00,4822022001R00,1.0000001192092896,0.08257487416267395,0.48848456144332886,0.3297136127948761
3162021002R00,4822022001R00,1.0000001192092896,0.3570713698863983,0.15701529383659363,0.6730955839157104
3272021001R00,4822022001R00,1.0000001192092896,0.3299148678779602,0.8613665699958801,0.3297136127948761
3342022001R00,4822022001R00,1.0000001192092896,0.8838172554969788,0.15701529383659363,0.367919921875
3382021001R00,4822022001R00,1.0000001192092896,0.5713340640068054,0.15701529383659363,0.6730955839157104
3702022001R00,4822022001R00,1.0000001192092896,0.4604737162590027,0.15701529383659363,0.367919921875
3912021001R00,4822022001R00,1.0000001192092896,0.3570713698863983,0.15701529383659363,0.367919921875
3912023002R00,4822022001R00,1.0000001192092896,0.3507608473300934,0.48848456144332886,0.31882166862487793
3912023003R01,4822022001R00,1.0000001192092896,0.13126368820667267,0.15701529383659363,0.31882166862487793
3952023001R00,4822022001R00,1.0000001192092896,0.3446282148361206,0.15701529383659363,0.6730955839157104
4002022003R00,4822022001R00,1.0000001192092896,0.4521373212337494,0.8811579942703247,0.6946924328804016
4002022005R01,4822022001R00,1.0000001192092896,0.11770087480545044,0.15701529383659363,0.1982244849205017
4122021002R00,4822022001R00,1.0000001192092896,0.3328298032283783,0.15701529383659363,0.31882166862487793
4122021004R00,4822022001R00,1.0000001192092896,0.24061085283756256,0.8811579942703247,0.367919921875
4122021005R00,4822022001R00,1.0000001192092896,0.2574009597301483,0.15701529383659363,0.367919921875
4142022003R00,4822022001R00,1.0000001192092896,0.32390615344047546,0.11327484995126724,0.3297136127948761
4232023001R00,4822022001R00,1.0000001192092896,0.267669141292572,0.15701529383659363,0.31882166862487793
4242022001R00,4822022001R00,1.0000001192092896,0.438827246427536,0.11327484995126724,0.3436610698699951
4242023002R00,4822022001R00,1.0000001192092896,0.3570713698863983,0.15701529383659363,0.5736678242683411
4452022001R00,4822022001R00,1.0000001192092896,0.050625257194042206,0.15701529383659363,0.3436610698699951
4452023001R01,4822022001R00,1.0000001192092896,0.24536636471748352,0.15701529383659363,0.2856164276599884
4562021002R00,4822022001R00,1.0000001192092896,0.11770087480545044,0.48848456144332886,0.31882166862487793
4822021004R00,4822022001R00,1.0000001192092896,0.9999999403953552,1.0000001192092896,0.31882166862487793
3162021001R00,4832022002R00,1.0000001192092896,0.059904683381319046,0.5993813872337341,0.38711321353912354
4002021004R00,4832022002R00,1.0000001192092896,0.6564956903457642,0.5993813872337341,0.6419922709465027
4232023006R02,4832022002R00,1.0000001192092896,0.06554582715034485,0.6411483883857727,0.38711321353912354
2442023001R00,4832023001R00,1.0000001192092896,0.14518895745277405,0.6751914620399475,0.27606019377708435
3642023003R00,4832023001R00,1.0000001192092896,0.20480561256408691,0.4814537465572357,0.21019518375396729
4002022004R00,4832023001R00,1.0000001192092896,0.20403887331485748,0.5006713271141052,0.24794264137744904
2442023002R00,4002022003R00,1.0000001192092896,0.8848535418510437,0.14673477411270142,0.6946924328804016
2442023003R01,4002022003R00,1.0000001192092896,0.17610852420330048,1.0,0.24278008937835693
2662021001R00,4002022003R00,1.0000001192092896,1.0000001192092896,0.8811579942703247,1.0
3152022001R00,4002022003R00,1.0000001192092896,0.18381352722644806,0.46662238240242004,0.48638832569122314
3162021002R00,4002022003R00,1.0000001192092896,0.8848535418510437,0.14673477411270142,0.7418480515480042
3272021001R00,4002022003R00,1.0000001192092896,0.33589786291122437,0.9260087609291077,0.48638832569122314
3342022001R00,4002022003R00,1.0000001192092896,0.3433504104614258,0.14673477411270142,0.342845618724823
3382021001R00,4002022003R00,1.0000001192092896,0.3049357533454895,0.14673477411270142,0.7418480515480042
3702022001R00,4002022003R00,1.0000001192092896,0.5866646766662598,0.14673477411270142,0.342845618724823
3912021001R00,4002022003R00,1.0000001192092896,0.8848535418510437,0.14673477411270142,0.342845618724823
3912023002R00,4002022003R00,1.0000001192092896,0.3984034061431885,0.46662238240242004,0.30001723766326904
3912023003R01,4002022003R00,1.0000001192092896,0.2186916619539261,0.14673477411270142,0.30001723766326904
3952023001R00,4002022003R00,1.0000001192092896,0.48657312989234924,0.14673477411270142,0.7418480515480042
2442023001R00,4002022004R00,1.0000001192092896,0.04223327338695526,0.6477834582328796,0.38711321353912354
3642023003R00,4002022004R00,1.0000001192092896,-0.0042526694014668465,0.6350845694541931,0.3722270131111145
2442023002R00,4002022005R01,1.0000001192092896,0.14241360127925873,1.0000001192092896,0.1982244849205017
2442023003R01,4002022005R01,1.0000001192092896,-0.014754096046090126,0.14673477411270142,0.13405752182006836
2662021001R00,4002022005R01,1.0000001192092896,0.15491972863674164,0.15701529383659363,0.4671825170516968
3152022001R00,4002022005R01,1.0000001192092896,0.2530915141105652,0.47202083468437195,0.2536901533603668
3162021002R00,4002022005R01,1.0000001192092896,0.14241360127925873,1.0000001192092896,0.4045026898384094
3272021001R00,4002022005R01,1.0000001192092896,0.17185719311237335,0.12452026456594467,0.2536901533603668
3342022001R00,4002022005R01,1.0000001192092896,0.13159504532814026,1.0000001192092896,0.17219719290733337
3382021001R00,4002022005R01,1.0000001192092896,0.005747707560658455,1.0000001192092896,0.4045026898384094
3702022001R00,4002022005R01,1.0000001192092896,0.20415161550045013,1.0000001192092896,0.17219719290733337
3912021001R00,4002022005R01,1.0000001192092896,0.14241360127925873,1.0000001192092896,0.17219719290733337
3912023002R00,4002022005R01,1.0000001192092896,0.15048840641975403,0.47202083468437195,0.1905587613582611
3912023003R01,4002022005R01,1.0000001192092896,0.1908138245344162,1.0000001192092896,0.1905587613582611
3952023001R00,4002022005R01,1.0000001192092896,0.1188364177942276,1.0000001192092896,0.4045026898384094
4002022003R00,4002022005R01,1.0000001192092896,0.15491972863674164,0.14673477411270142,0.4671825170516968
2442021001R00,4002022006R02,1.0000001192092896,0.23912981152534485,1.0000001192092896,1.0000001192092896
2802022003R00,4002022006R02,1.0000001192092896,0.27391016483306885,1.0000001192092896,1.0000001192092896
2822021001R00,4002022006R02,1.0000001192092896,0.17653445899486542,0.20731516182422638,1.0000001192092896
3482022001R00,4002022006R02,1.0000001192092896,0.21750414371490479,0.6477834582328796,0.3100144863128662
3482023001R00,4002022006R02,1.0000001192092896,0.4288761019706726,0.1042509600520134,0.7418480515480042
3642023001R00,4002022006R02,1.0000001192092896,0.11042138934135437,0.008148649707436562,0.38711321353912354
4002022001R00,4002022006R02,1.0000001192092896,0.3126722574234009,1.0000001192092896,1.0000001192092896
2442023002R00,4122021002R00,1.0000001192092896,0.4482865035533905,1.0000001192092896,0.31882166862487793
2442023003R01,4122021002R00,1.0000001192092896,0.26072943210601807,0.14673477411270142,0.18797217309474945
2662021001R00,4122021002R00,1.0000001192092896,0.4261752665042877,0.15701529383659363,0.30001723766326904
3152022001R00,4122021002R00,1.0000001192092896,0.2224663645029068,0.47202083468437195,0.7077930569648743
3162021002R00,4122021002R00,1.0000001192092896,0.4482865035533905,1.0000001192092896,0.22502091526985168
3272021001R00,4122021002R00,1.0000001192092896,0.32133135199546814,0.12452026456594467,0.7077930569648743
3342022001R00,4122021002R00,1.0000001192092896,0.3425108790397644,1.0000001192092896,0.4718858599662781
3382021001R00,4122021002R00,1.0000001192092896,0.22371380031108856,1.0000001192092896,0.22502091526985168
3702022001R00,4122021002R00,1.0000001192092896,0.38455262780189514,1.0000001192092896,0.4718858599662781
3912021001R00,4122021002R00,1.0000001192092896,0.4482865035533905,1.0000001192092896,0.4718858599662781
3912023002R00,4122021002R00,1.0000001192092896,0.22713316977024078,0.47202083468437195,1.0000001192092896
3912023003R01,4122021002R00,1.0000001192092896,0.3558890223503113,1.0000001192092896,1.0000001192092896
3952023001R00,4122021002R00,1.0000001192092896,0.4147593677043915,1.0000001192092896,0.22502091526985168
4002022003R00,4122021002R00,1.0000001192092896,0.4261752665042877,0.14673477411270142,0.30001723766326904
4002022005R01,4122021002R00,1.0000001192092896,0.08666583895683289,1.0000001192092896,0.1905587613582611
2442023002R00,4122021004R00,1.0000001192092896,0.22342108190059662,0.14673477411270142,0.367919921875
2442023003R01,4122021004R00,1.0000001192092896,0.05190570652484894,1.0,0.20134100317955017
2662021001R00,4122021004R00,1.0000001192092896,0.1854272484779358,0.8811579942703247,0.342845618724823
3152022001R00,4122021004R00,1.0000001192092896,-0.022707749158143997,0.46662238240242004,0.5651641488075256
3162021002R00,4122021004R00,1.0000001192092896,0.22342108190059662,0.14673477411270142,0.33368808031082153
3272021001R00,4122021004R00,1.0000001192092896,0.14988680183887482,0.9260087609291077,0.5651641488075256
3342022001R00,4122021004R00,1.0000001192092896,0.2578465938568115,0.14673477411270142,1.0
3382021001R00,4122021004R00,1.0000001192092896,0.24580954015254974,0.14673477411270142,0.33368808031082153
3702022001R00,4122021004R00,1.0000001192092896,0.1514684110879898,0.14673477411270142,1.0
3912021001R00,4122021004R00,1.0000001192092896,0.22342108190059662,0.14673477411270142,1.0
3912023002R00,4122021004R00,1.0000001192092896,0.1767181009054184,0.46662238240242004,0.4718858599662781
3912023003R01,4122021004R00,1.0000001192092896,0.15265701711177826,0.14673477411270142,0.4718858599662781
3952023001R00,4122021004R00,1.0000001192092896,0.2563154399394989,0.14673477411270142,0.33368808031082153
4002022003R00,4122021004R00,1.0000001192092896,0.1854272484779358,1.0,0.342845618724823
4002022005R01,4122021004R00,1.0000001192092896,-0.04372703656554222,0.14673477411270142,0.17219719290733337
4122021002R00,4122021004R00,1.0000001192092896,0.27172040939331055,0.14673477411270142,0.4718858599662781
2442023002R00,4122021005R00,1.0000001192092896,0.7010444402694702,1.0000001192092896,0.367919921875
2442023003R01,4122021005R00,1.0000001192092896,0.09390189498662949,0.14673477411270142,0.20134100317955017
2662021001R00,4122021005R00,1.0000001192092896,0.7447780966758728,0.15701529383659363,0.342845618724823
3152022001R00,4122021005R00,1.0000001192092896,0.10728809982538223,0.47202083468437195,0.5651641488075256
3162021002R00,4122021005R00,1.0000001192092896,0.7010444402694702,1.0000001192092896,0.33368808031082153
3272021001R00,4122021005R00,1.0000001192092896,0.15958715975284576,0.12452026456594467,0.5651641488075256
3342022001R00,4122021005R00,1.0000001192092896,0.21657036244869232,1.0000001192092896,1.0
3382021001R00,4122021005R00,1.0000001192092896,0.1625630408525467,1.0000001192092896,0.33368808031082153
3702022001R00,4122021005R00,1.0000001192092896,0.3450816571712494,1.0000001192092896,1.0
3912021001R00,4122021005R00,1.0000001192092896,0.7010444402694702,1.0000001192092896,1.0
3912023002R00,4122021005R00,1.0000001192092896,0.22306279838085175,0.47202083468437195,0.4718858599662781
3912023003R01,4122021005R00,1.0000001192092896,0.2851233184337616,1.0000001192092896,0.4718858599662781
3952023001R00,4122021005R00,1.0000001192092896,0.4185522794723511,1.0000001192092896,0.33368808031082153
4002022003R00,4122021005R00,1.0000001192092896,0.7447780966758728,0.14673477411270142,0.342845618724823
4002022005R01,4122021005R00,1.0000001192092896,0.06929900497198105,1.0000001192092896,0.17219719290733337
4122021002R00,4122021005R00,1.0000001192092896,0.3276323080062866,1.0000001192092896,0.4718858599662781
4122021004R00,4122021005R00,1.0000001192092896,0.15269121527671814,0.14673477411270142,1.0
4122021003R00,4122023001R00,1.0000001192092896,1.0,1.0,0.17536091804504395
2442021001R00,4122023004R00,1.0000001192092896,0.25547730922698975,0.6477834582328796,1.0000001192092896
2802022003R00,4122023004R00,1.0000001192092896,0.25199753046035767,0.6477834582328796,1.0000001192092896
2822021001R00,4122023004R00,1.0000001192092896,0.16623970866203308,0.3636898696422577,1.0000001192092896
3482022001R00,4122023004R00,1.0000001192092896,0.2860649526119232,1.0000001192092896,0.3100144863128662
3482023001R00,4122023004R00,1.0000001192092896,0.2688020169734955,0.15701529383659363,0.7418480515480042
3642023001R00,4122023004R00,1.0000001192092896,0.1779240071773529,0.027333112433552742,0.38711321353912354
4002022001R00,4122023004R00,1.0000001192092896,0.3135226368904114,0.6477834582328796,1.0000001192092896
4002022006R02,4122023004R00,1.0000001192092896,0.09937544167041779,0.6477834582328796,1.0000001192092896
4122021003R00,4142021001R00,1.0000001192092896,1.0,0.1407768726348877,0.3429458737373352
4122023001R00,4142021001R00,1.0000001192092896,1.0,0.1407768726348877,0.1752680540084839
2442023002R00,4142022003R00,1.0000001192092896,0.292080283164978,0.8065642714500427,0.3297136127948761
2442023003R01,4142022003R00,1.0000001192092896,0.13609477877616882,0.11604610085487366,0.17443695664405823
2662021001R00,4142022003R00,1.0000001192092896,0.24513088166713715,0.11327484995126724,0.48638832569122314
3152022001R00,4142022003R00,1.0000001192092896,-0.020224153995513916,0.4121941924095154,1.0000001192092896
3162021002R00,4142022003R00,1.0000001192092896,0.292080283164978,0.8065642714500427,0.26663511991500854
3272021001R00,4142022003R00,1.0000001192092896,0.18108296394348145,0.10610545426607132,1.0000001192092896
3342022001R00,4142022003R00,1.0000001192092896,0.37230098247528076,0.8065642714500427,0.5651641488075256
3382021001R00,4142022003R00,1.0000001192092896,0.2754237651824951,0.8065642714500427,0.26663511991500854
3702022001R00,4142022003R00,1.0000001192092896,0.25555089116096497,0.8065642714500427,0.5651641488075256
3912021001R00,4142022003R00,1.0000001192092896,0.292080283164978,0.8065642714500427,0.5651641488075256
3912023002R00,4142022003R00,1.0000001192092896,0.16722969710826874,0.4121941924095154,0.7077930569648743
3912023003R01,4142022003R00,1.0000001192092896,0.16834481060504913,0.8065642714500427,0.7077930569648743
3952023001R00,4142022003R00,1.0000001192092896,0.2830497622489929,0.8065642714500427,0.26663511991500854
4002022003R00,4142022003R00,1.0000001192092896,0.24513088166713715,0.11604610085487366,0.48638832569122314
4002022005R01,4142022003R00,1.0000001192092896,-0.057980433106422424,0.8065642714500427,0.2536901533603668
4122021002R00,4142022003R00,1.0000001192092896,0.41812026500701904,0.8065642714500427,0.7077930569648743
4122021004R00,4142022003R00,1.0000001192092896,0.6301298141479492,0.11604610085487366,0.5651641488075256
4122021005R00,4142022003R00,1.0000001192092896,0.2165687084197998,0.8065642714500427,0.5651641488075256
0252022002R01,4232022001R00,1.0000001192092896,0.25237491726875305,1.0000001192092896,1.0000001192092896
2442023002R00,4232023001R00,1.0000001192092896,0.3294811546802521,1.0000001192092896,0.31882166862487793
2442023003R01,4232023001R00,1.0000001192092896,0.04297269508242607,0.14673477411270142,0.18797217309474945
2662021001R00,4232023001R00,1.0000001192092896,0.3522243797779083,0.15701529383659363,0.30001723766326904
3152022001R00,4232023001R00,1.0000001192092896,0.2028430551290512,0.47202083468437195,0.7077930569648743
3162021002R00,4232023001R00,1.0000001192092896,0.3294811546802521,1.0000001192092896,0.22502091526985168
3272021001R00,4232023001R00,1.0000001192092896,0.2684452533721924,0.12452026456594467,0.7077930569648743
3342022001R00,4232023001R00,1.0000001192092896,0.24766017496585846,1.0000001192092896,0.4718858599662781
3382021001R00,4232023001R00,1.0000001192092896,0.14979828894138336,1.0000001192092896,0.22502091526985168
3702022001R00,4232023001R00,1.0000001192092896,0.3403027653694153,1.0000001192092896,0.4718858599662781
3912021001R00,4232023001R00,1.0000001192092896,0.3294811546802521,1.0000001192092896,0.4718858599662781
3912023002R00,4232023001R00,1.0000001192092896,0.28946271538734436,0.47202083468437195,1.0000001192092896
3912023003R01,4232023001R00,1.0000001192092896,0.20475932955741882,1.0000001192092896,1.0000001192092896
3952023001R00,4232023001R00,1.0000001192092896,0.2748219966888428,1.0000001192092896,0.22502091526985168
4002022003R00,4232023001R00,1.0000001192092896,0.3522243797779083,0.14673477411270142,0.30001723766326904
4002022005R01,4232023001R00,1.0000001192092896,0.304871529340744,1.0000001192092896,0.1905587613582611
4122021002R00,4232023001R00,1.0000001192092896,0.269384503364563,1.0000001192092896,1.0000001192092896
4122021004R00,4232023001R00,1.0000001192092896,0.15241457521915436,0.14673477411270142,0.4718858599662781
4122021005R00,4232023001R00,1.0000001192092896,0.1575794816017151,1.0000001192092896,0.4718858599662781
4142022003R00,4232023001R00,1.0000001192092896,0.18048322200775146,0.8065642714500427,0.7077930569648743
3162021001R00,4232023006R02,1.0000001192092896,0.04809694364666939,0.323245644569397,1.0000001192092896
4002021004R00,4232023006R02,1.0000001192092896,0.07519897073507309,0.323245644569397,0.4783262014389038
0252022003R00,4242021001R00,1.0000001192092896,0.11386922001838684,0.15769930183887482,0.5540708303451538
3482023002R00,4242021001R00,1.0000001192092896,0.13213910162448883,0.4237588047981262,0.5540708303451538
2442023002R00,4242022001R00,1.0000001192092896,0.4924294054508209,0.8065642714500427,0.3436610698699951
2442023003R01,4242022001R00,1.0000001192092896,0.14568805694580078,0.11604610085487366,0.1218053326010704
2662021001R00,4242022001R00,1.0000001192092896,0.5655013918876648,0.11327484995126724,0.292509526014328
3152022001R00,4242022001R00,1.0000001192092896,0.10674628615379333,0.4121941924095154,0.13479027152061462
3162021002R00,4242022001R00,1.0000001192092896,0.4924294054508209,0.8065642714500427,0.37290751934051514
3272021001R00,4242022001R00,1.0000001192092896,0.2847374975681305,0.10610545426607132,0.13479027152061462
3342022001R00,4242022001R00,1.0000001192092896,0.33528846502304077,0.8065642714500427,0.7081813216209412
3382021001R00,4242022001R00,1.0000001192092896,0.24700786173343658,0.8065642714500427,0.37290751934051514
3702022001R00,4242022001R00,1.0000001192092896,0.5491411685943604,0.8065642714500427,0.7081813216209412
3912021001R00,4242022001R00,1.0000001192092896,0.4924294054508209,0.8065642714500427,0.7081813216209412
3912023002R00,4242022001R00,1.0000001192092896,0.3392501473426819,0.4121941924095154,0.1158624142408371
3912023003R01,4242022001R00,1.0000001192092896,0.20325955748558044,0.8065642714500427,0.1158624142408371
3952023001R00,4242022001R00,1.0000001192092896,0.34333276748657227,0.8065642714500427,0.37290751934051514
4002022003R00,4242022001R00,1.0000001192092896,0.5655013918876648,0.11604610085487366,0.292509526014328
4002022005R01,4242022001R00,1.0000001192092896,0.12105987221002579,0.8065642714500427,0.111041359603405
4122021002R00,4242022001R00,1.0000001192092896,0.2612689435482025,0.8065642714500427,0.1158624142408371
4122021004R00,4242022001R00,1.0000001192092896,0.1799224317073822,0.11604610085487366,0.7081813216209412
4122021005R00,4242022001R00,1.0000001192092896,0.3485824167728424,0.8065642714500427,0.7081813216209412
4142022003R00,4242022001R00,1.0000001192092896,0.2527517080307007,1.0000001192092896,0.13479027152061462
4232023001R00,4242022001R00,1.0000001192092896,0.3466293513774872,0.8065642714500427,0.1158624142408371
2442023002R00,4242023002R00,1.0000001192092896,0.9999999403953552,1.0000001192092896,0.5736678242683411
2442023003R01,4242023002R00,1.0000001192092896,0.1843351572751999,0.14673477411270142,0.13052889704704285
2662021001R00,4242023002R00,1.0000001192092896,0.8848535418510437,0.15701529383659363,0.6484752893447876
3152022001R00,4242023002R00,1.0000001192092896,0.22213435173034668,0.47202083468437195,0.20472149550914764
3162021002R00,4242023002R00,1.0000001192092896,0.9999999403953552,1.0000001192092896,0.735808789730072
3272021001R00,4242023002R00,1.0000001192092896,0.3539079427719116,0.12452026456594467,0.20472149550914764
3342022001R00,4242023002R00,1.0000001192092896,0.44467243552207947,1.0000001192092896,0.25597432255744934
3382021001R00,4242023002R00,1.0000001192092896,0.23695489764213562,1.0000001192092896,0.735808789730072
3702022001R00,4242023002R00,1.0000001192092896,0.5225164294242859,1.0000001192092896,0.25597432255744934
3912021001R00,4242023002R00,1.0000001192092896,0.9999999403953552,1.0000001192092896,0.25597432255744934
3912023002R00,4242023002R00,1.0000001192092896,0.42145368456840515,0.47202083468437195,0.18992480635643005
3912023003R01,4242023002R00,1.0000001192092896,0.18730378150939941,1.0000001192092896,0.18992480635643005
3952023001R00,4242023002R00,1.0000001192092896,0.4593404531478882,1.0000001192092896,0.735808789730072
4002022003R00,4242023002R00,1.0000001192092896,0.8848535418510437,0.14673477411270142,0.6484752893447876
4002022005R01,4242023002R00,1.0000001192092896,0.14241360127925873,1.0000001192092896,0.650912344455719
4122021002R00,4242023002R00,1.0000001192092896,0.4482865035533905,1.0000001192092896,0.18992480635643005
4122021004R00,4242023002R00,1.0000001192092896,0.22342108190059662,0.14673477411270142,0.25597432255744934
4122021005R00,4242023002R00,1.0000001192092896,0.7010444402694702,1.0000001192092896,0.25597432255744934
4142022003R00,4242023002R00,1.0000001192092896,0.292080283164978,0.8065642714500427,0.20472149550914764
4232023001R00,4242023002R00,1.0000001192092896,0.3294811546802521,1.0000001192092896,0.18992480635643005
4242022001R00,4242023002R00,1.0000001192092896,0.4924294054508209,0.8065642714500427,0.29627513885498047
2442021001R00,4432021002R00,1.0000001192092896,0.27607491612434387,1.0000001192092896,1.0000001192092896
2802022003R00,4432021002R00,1.0000001192092896,0.17848390340805054,1.0000001192092896,1.0000001192092896
2822021001R00,4432021002R00,1.0000001192092896,0.3315388262271881,0.20731516182422638,1.0000001192092896
3482022001R00,4432021002R00,1.0000001192092896,0.18446190655231476,0.6477834582328796,0.3100144863128662
3482023001R00,4432021002R00,1.0000001192092896,0.2951345145702362,0.1042509600520134,0.7418480515480042
3642023001R00,4432021002R00,1.0000001192092896,0.21226395666599274,0.008148649707436562,0.38711321353912354
4002022001R00,4432021002R00,1.0000001192092896,0.42682886123657227,1.0000001192092896,1.0000001192092896
4002022006R02,4432021002R00,1.0000001192092896,0.3272264897823334,1.0000001192092896,1.0000001192092896
4122023004R00,4432021002R00,1.0000001192092896,0.2641609013080597,0.6477834582328796,1.0000001192092896
2442023002R00,4452022001R00,1.0000001192092896,0.12232484668493271,1.0000001192092896,0.3436610698699951
2442023003R01,4452022001R00,1.0000001192092896,0.022662365809082985,0.14673477411270142,0.1218053326010704
2662021001R00,4452022001R00,1.0000001192092896,0.13994650542736053,0.15701529383659363,0.292509526014328
3152022001R00,4452022001R00,1.0000001192092896,0.10327191650867462,0.47202083468437195,0.13479027152061462
3162021002R00,4452022001R00,1.0000001192092896,0.12232484668493271,1.0000001192092896,0.37290751934051514
3272021001R00,4452022001R00,1.0000001192092896,0.1803886592388153,0.12452026456594467,0.13479027152061462
3342022001R00,4452022001R00,1.0000001192092896,0.035062313079833984,1.0000001192092896,0.7081813216209412
3382021001R00,4452022001R00,1.0000001192092896,0.2858133614063263,1.0000001192092896,0.37290751934051514
3702022001R00,4452022001R00,1.0000001192092896,0.06617950648069382,1.0000001192092896,0.7081813216209412
3912021001R00,4452022001R00,1.0000001192092896,0.12232484668493271,1.0000001192092896,0.7081813216209412
3912023002R00,4452022001R00,1.0000001192092896,0.2046300172805786,0.47202083468437195,0.1158624142408371
3912023003R01,4452022001R00,1.0000001192092896,0.11155129969120026,1.0000001192092896,0.1158624142408371
3952023001R00,4452022001R00,1.0000001192092896,0.17060528695583344,1.0000001192092896,0.37290751934051514
4002022003R00,4452022001R00,1.0000001192092896,0.13994650542736053,0.14673477411270142,0.292509526014328
4002022005R01,4452022001R00,1.0000001192092896,0.0957442969083786,1.0000001192092896,0.111041359603405
4122021002R00,4452022001R00,1.0000001192092896,0.07285750657320023,1.0000001192092896,0.1158624142408371
4122021004R00,4452022001R00,1.0000001192092896,0.07906956970691681,0.14673477411270142,0.7081813216209412
4122021005R00,4452022001R00,1.0000001192092896,0.1032874658703804,1.0000001192092896,0.7081813216209412
4142022003R00,4452022001R00,1.0000001192092896,0.0225742869079113,0.8065642714500427,0.13479027152061462
4232023001R00,4452022001R00,1.0000001192092896,0.1384156346321106,1.0000001192092896,0.1158624142408371
4242022001R00,4452022001R00,1.0000001192092896,0.06918354332447052,0.8065642714500427,1.0000001192092896
4242023002R00,4452022001R00,1.0000001192092896,0.12232484668493271,1.0000001192092896,0.29627513885498047
2442023002R00,4452023001R01,1.0000001192092896,0.43669018149375916,1.0000001192092896,0.2856164276599884
2442023003R01,4452023001R01,1.0000001192092896,0.33242765069007874,0.14673477411270142,0.19018884003162384
2662021001R00,4452023001R01,1.0000001192092896,0.4328269064426422,0.15701529383659363,0.27675360441207886
3152022001R00,4452023001R01,1.0000001192092896,0.18596310913562775,0.47202083468437195,0.1531059890985489
3162021002R00,4452023001R01,1.0000001192092896,0.43669018149375916,1.0000001192092896,0.30135613679885864
3272021001R00,4452023001R01,1.0000001192092896,0.12134622037410736,0.12452026456594467,0.1531059890985489
3342022001R00,4452023001R01,1.0000001192092896,0.22521188855171204,1.0000001192092896,0.6551460027694702
3382021001R00,4452023001R01,1.0000001192092896,0.2447960376739502,1.0000001192092896,0.30135613679885864
3702022001R00,4452023001R01,1.0000001192092896,0.2798943519592285,1.0000001192092896,0.6551460027694702
3912021001R00,4452023001R01,1.0000001192092896,0.43669018149375916,1.0000001192092896,0.6551460027694702
3912023002R00,4452023001R01,1.0000001192092896,0.18956486880779266,0.47202083468437195,0.3456020951271057
3912023003R01,4452023001R01,1.0000001192092896,0.05867108702659607,1.0000001192092896,0.3456020951271057
3952023001R00,4452023001R01,1.0000001192092896,0.30885639786720276,1.0000001192092896,0.30135613679885864
4002022003R00,4452023001R01,1.0000001192092896,0.4328269064426422,0.14673477411270142,0.27675360441207886
4002022005R01,4452023001R01,1.0000001192092896,0.03519760072231293,1.0000001192092896,0.18850074708461761
4122021002R00,4452023001R01,1.0000001192092896,0.22915802896022797,1.0000001192092896,0.3456020951271057
3232021001R00,4232023005R00,1.0,0.13417057693004608,0.20238882303237915,1.0000001192092896
4002022008R00,4432023005R00,1.0,0.12503081560134888,1.0000001192092896,0.07869964092969894
4122023002R00,4432023005R00,1.0,0.1303786188364029,0.8065642714500427,0.1380784660577774
4002022008R00,4122023002R00,1.0,0.3767351508140564,0.8065642714500427,0.23048342764377594
0252023004R00,4142021002R00,0.9999999403953552,0.2761358916759491,0.8065642714500427,0.26663511991500854
2502021001R00,4142021002R00,0.9999999403953552,0.16589657962322235,0.11327484995126724,0.3297136127948761
0252023004R00,4832022001R00,0.9999999403953552,0.336047500371933,0.15701529383659363,0.26663511991500854
2502021001R00,4832022001R00,0.9999999403953552,0.13055351376533508,1.0000001192092896,0.3297136127948761
4142021002R00,4832022001R00,0.9999999403953552,0.34016475081443787,0.11327484995126724,1.0000001192092896
4432023002R00,4992021002R01,0.9999999403953552,0.40210461616516113,0.222002774477005,0.36779505014419556
0252023004R00,2502021001R00,0.9999999403953552,0.1622808575630188,0.15701529383659363,0.6730955839157104
2612023001R00,3912023001R00,0.965166449546814,0.2332010716199875,0.12143759429454803,0.5727021098136902
3162021001R00,3952022002R01,0.9649980068206787,0.08183084428310394,0.5636881589889526,1.0000001192092896
3952022002R01,4002021004R00,0.9649980068206787,0.310023695230484,0.5636881589889526,0.4783262014389038
3952022002R01,4832022002R00,0.9649980068206787,0.3757478892803192,0.8115323185920715,0.38711321353912354
3952022002R01,4232023006R02,0.9649980068206787,-0.002617685357108712,0.5093564391136169,1.0000001192092896
2822023001R01,3152021001R00,0.9533261060714722,0.20493485033512115,0.2655799984931946,0.2507985830307007
2822023001R01,4992022001R00,0.9533261060714722,0.5919147729873657,0.22042915225028992,0.47064778208732605
2822023001R01,4992023002R00,0.9533261060714722,0.2657172679901123,0.15701529383659363,0.3789520263671875
3692023001R00,4982023004R01,0.9025299549102783,0.17908641695976257,0.3151860237121582,0.4011242091655731
3692023001R00,4992023001R00,0.9025299549102783,0.1166817843914032,0.3636898696422577,0.29200562834739685
2442021001R00,3692023001R00,0.9025299549102783,0.14407549798488617,0.20731516182422638,0.7418480515480042
2802022003R00,3692023001R00,0.9025299549102783,0.3715526759624481,0.20731516182422638,0.7418480515480042
2822021001R00,3692023001R00,0.9025299549102783,0.13345853984355927,0.9999999403953552,0.7418480515480042
3482022001R00,3692023001R00,0.9025299549102783,1.000000238418579,0.3636898696422577,0.3789520263671875
3482023001R00,3692023001R00,0.9025299549102783,0.29813793301582336,0.0920427143573761,1.0
3642023001R00,3692023001R00,0.9025299549102783,0.07174407690763474,0.15059959888458252,0.29200562834739685
3692023001R00,4002022001R00,0.9025299549102783,0.4075620472431183,0.20731516182422638,0.7418480515480042
3692023001R00,4002022006R02,0.9025299549102783,0.21750414371490479,0.20731516182422638,0.7418480515480042
3692023001R00,4122023004R00,0.9025299549102783,0.2860649526119232,0.3636898696422577,0.7418480515480042
3692023001R00,4432021002R00,0.9025299549102783,0.18446190655231476,0.20731516182422638,0.7418480515480042
3692023001R00,4572023001R00,0.9025299549102783,0.29702478647232056,0.3636898696422577,0.7418480515480042
2442023002R00,4982021001R00,0.9012186527252197,0.09478649497032166,1.0000001192092896,0.2896190285682678
2442023003R01,4982021001R00,0.9012186527252197,-0.006681834347546101,0.14673477411270142,0.2141154259443283
2662021001R00,4982021001R00,0.9012186527252197,0.1853996068239212,0.15701529383659363,0.26453861594200134
3152022001R00,4982021001R00,0.9012186527252197,0.14053358137607574,0.47202083468437195,0.532295286655426
3162021002R00,4982021001R00,0.9012186527252197,0.09478649497032166,1.0000001192092896,0.2249879091978073
3272021001R00,4982021001R00,0.9012186527252197,0.0561317503452301,0.12452026456594467,0.532295286655426
3342022001R00,4982021001R00,0.9012186527252197,0.010831829160451889,1.0000001192092896,0.8765020966529846
3382021001R00,4982021001R00,0.9012186527252197,0.024830441921949387,1.0000001192092896,0.2249879091978073
3702022001R00,4982021001R00,0.9012186527252197,0.0991431325674057,1.0000001192092896,0.8765020966529846
3912021001R00,4982021001R00,0.9012186527252197,0.09478649497032166,1.0000001192092896,0.8765020966529846
3912023002R00,4982021001R00,0.9012186527252197,0.0758722573518753,0.47202083468437195,0.6982325315475464
3912023003R01,4982021001R00,0.9012186527252197,0.1375875473022461,1.0000001192092896,0.6982325315475464
3952023001R00,4982021001R00,0.9012186527252197,0.1657303273677826,1.0000001192092896,0.2249879091978073
4002022003R00,4982021001R00,0.9012186527252197,0.1853996068239212,0.14673477411270142,0.26453861594200134
4002022005R01,4982021001R00,0.9012186527252197,0.211062952876091,1.0000001192092896,0.18506164848804474
4122021002R00,4982021001R00,0.9012186527252197,0.004757767543196678,1.0000001192092896,0.6982325315475464
4122021004R00,4982021001R00,0.9012186527252197,-0.023561563342809677,0.14673477411270142,0.8765020966529846
4122021005R00,4982021001R00,0.9012186527252197,0.0705099105834961,1.0000001192092896,0.8765020966529846
4142022003R00,4982021001R00,0.9012186527252197,-0.08401788771152496,0.8065642714500427,0.532295286655426
4232023001R00,4982021001R00,0.9012186527252197,0.21731916069984436,1.0000001192092896,0.6982325315475464
4242022001R00,4982021001R00,0.9012186527252197,0.08478991687297821,0.8065642714500427,0.5731827020645142
4242023002R00,4982021001R00,0.9012186527252197,0.09478649497032166,1.0000001192092896,0.1752469539642334
4452022001R00,4982021001R00,0.9012186527252197,0.03461861237883568,1.0000001192092896,0.5731827020645142
4452023001R01,4982021001R00,0.9012186527252197,0.05771995708346367,1.0000001192092896,0.741281270980835
4562021002R00,4982021001R00,0.9012186527252197,0.211062952876091,0.47202083468437195,0.6982325315475464
4822021004R00,4982021001R00,0.9012186527252197,0.09140991419553757,0.15701529383659363,0.6982325315475464
4822022001R00,4982021001R00,0.9012186527252197,0.09140991419553757,0.15701529383659363,0.2896190285682678
3062023001R00,3702023001R00,0.8996343612670898,0.28388917446136475,0.09458941221237183,0.33874914050102234
3232022001R00,4122021003R00,0.8976939916610718,0.17428059875965118,0.7795007824897766,0.33271077275276184
3232022001R00,4122023001R00,0.8976939916610718,0.17428059875965118,0.7795007824897766,0.2221405804157257
3232022001R00,4142021001R00,0.8976939916610718,0.17428059875965118,0.08287253230810165,0.1800040304660797
0252022002R01,4002022006R02,0.8637598156929016,0.2747242748737335,0.6477834582328796,1.0000001192092896
0252022002R01,4122023004R00,0.8637598156929016,0.19153045117855072,1.0000001192092896,1.0000001192092896
2442021001R00,4232022001R00,0.8637598156929016,0.1948499083518982,0.6477834582328796,1.0000001192092896
2802022003R00,4232022001R00,0.8637598156929016,0.2867529094219208,0.6477834582328796,1.0000001192092896
2822021001R00,4232022001R00,0.8637598156929016,0.15815624594688416,0.3636898696422577,1.0000001192092896
3482022001R00,4232022001R00,0.8637598156929016,0.2346358448266983,1.0000001192092896,0.3100144863128662
0252022002R01,4572023001R00,0.8637598156929016,0.21589592099189758,1.0000001192092896,1.0000001192092896
4232022001R00,4572023001R00,0.8637598156929016,0.08999709039926529,1.0000001192092896,1.0000001192092896
0252022002R01,4982023004R01,0.8637598156929016,0.2991155683994293,0.34113630652427673,0.30528920888900757
4232022001R00,4982023004R01,0.8637598156929016,0.10659779608249664,0.34113630652427673,0.30528920888900757
0252022002R01,4992023001R00,0.8637598156929016,0.1987241506576538,1.0000001192092896,0.38711321353912354
4232022001R00,4992023001R00,0.8637598156929016,0.2553015351295471,1.0000001192092896,0.38711321353912354
0252022002R01,2442021001R00,0.8637598156929016,0.12241067737340927,0.6477834582328796,1.0000001192092896
0252022002R01,2802022003R00,0.8637598156929016,0.197628915309906,0.6477834582328796,1.0000001192092896
0252022002R01,2822021001R00,0.8637598156929016,0.299163281917572,0.3636898696422577,1.0000001192092896
0252022002R01,3482022001R00,0.8637598156929016,0.354221910238266,1.0000001192092896,0.3100144863128662
0252022002R01,3482023001R00,0.8637598156929016,0.3162168264389038,0.15701529383659363,0.7418480515480042
0252022002R01,3642023001R00,0.8637598156929016,0.21108375489711761,0.027333112433552742,0.38711321353912354
0252022002R01,4002022001R00,0.8637598156929016,0.5108280181884766,0.6477834582328796,1.0000001192092896
3482023001R00,4232022001R00,0.8637598156929016,0.42868638038635254,0.15701529383659363,0.7418480515480042
3642023001R00,4232022001R00,0.8637598156929016,0.05080254375934601,0.027333112433552742,0.38711321353912354
4002022001R00,4232022001R00,0.8637598156929016,0.2739850580692291,0.6477834582328796,1.0000001192092896
4002022006R02,4232022001R00,0.8637598156929016,0.29912886023521423,0.6477834582328796,1.0000001192092896
4122023004R00,4232022001R00,0.8637598156929016,0.09682554751634598,1.0000001192092896,1.0000001192092896
0252022002R01,4432021002R00,0.8637598156929016,0.43114978075027466,0.6477834582328796,1.0000001192092896
4232022001R00,4432021002R00,0.8637598156929016,0.36862713098526,0.6477834582328796,1.0000001192092896
0252022003R00,4232023005R00,0.8619181513786316,0.2812191843986511,0.04505272954702377,1.0000001192092896
3482023002R00,4232023005R00,0.8619181513786316,0.1411849558353424,0.20238882303237915,1.0000001192092896
3232021001R00,4242021001R00,0.8619181513786316,0.02568250149488449,0.4237588047981262,0.5540708303451538
4232023005R00,4242021001R00,0.8619181513786316,0.08731463551521301,0.22887063026428223,0.5540708303451538
0252022003R00,3232021001R00,0.8619181513786316,0.21329833567142487,0.323245644569397,1.0000001192092896
3232021001R00,3482023002R00,0.8619181513786316,0.027061836794018745,1.0000001192092896,1.0000001192092896
0252022003R00,4982023001R01,0.8465428352355957,0.5493471026420593,0.209346741437912,0.3468203544616699
3482023002R00,4982023001R01,0.8465428352355957,0.41053134202957153,0.4521373212337494,0.3468203544616699
4242021001R00,4982023001R01,0.8465428352355957,0.09569548070430756,0.5943615436553955,0.3782176673412323
3232021001R00,4982023001R01,0.843829870223999,0.12897303700447083,0.4521373212337494,0.3468203544616699
4232023005R00,4982023001R01,0.843829870223999,0.1029253825545311,0.2677960693836212,0.3468203544616699
0252022002R01,3692023001R00,0.8209391236305237,0.354221910238266,0.3636898696422577,0.7418480515480042
3692023001R00,4232022001R00,0.8209391236305237,0.2346358448266983,0.3636898696422577,0.7418480515480042
3482023003R00,3692023001R00,0.8117520809173584,0.29282301664352417,0.3636898696422577,0.7418480515480042
3272022002R00,3282021002R00,0.8116400837898254,0.0571042038500309,0.532827615737915,1.0000001192092896
3162021001R00,4982023001R01,0.8108204007148743,0.08768050372600555,0.209346741437912,0.3468203544616699
4002021004R00,4982023001R01,0.8108204007148743,0.39334824681282043,0.209346741437912,0.580158531665802
4232023006R02,4982023001R01,0.8108204007148743,0.24519972503185272,0.4521373212337494,0.3468203544616699
4832022002R00,4982023001R01,0.8108204007148743,0.24105294048786163,0.4847997725009918,0.6988447308540344
3952022002R01,4982023001R01,0.8003707528114319,0.19282180070877075,0.3727494776248932,0.3468203544616699
